round,frame,latency_ms
1,0,1.2641
1,1,0.3587
1,2,0.3045
1,3,1.2064
1,4,0.3314
1,5,0.2859
1,6,0.2740
1,7,0.2734
1,8,0.2726
1,9,0.2790
1,10,0.2742
1,11,0.2748
1,12,0.3421
1,13,0.2789
1,14,1.0161
1,15,0.3395
1,16,0.2916
1,17,0.2858
1,18,0.2748
1,19,0.2734
1,20,0.2734
1,21,0.3434
1,22,0.2917
1,23,0.2772
1,24,0.2775
1,25,0.2755
1,26,0.2742
1,27,0.2897
1,28,0.6302
1,29,0.3336
1,30,0.3185
1,31,0.2843
1,32,0.2900
1,33,0.2756
1,34,0.2721
1,35,0.4133
1,36,0.4121
1,37,0.2788
1,38,0.2736
1,39,0.3001
1,40,0.3153
1,41,0.5986
1,42,0.3731
1,43,0.2942
1,44,0.2865
1,45,0.2790
1,46,0.4858
1,47,0.5082
1,48,0.2993
1,49,0.2833
1,50,0.2779
1,51,0.3347
1,52,0.2797
1,53,0.2710
1,54,0.2700
1,55,0.2701
1,56,0.2685
1,57,0.2702
1,58,0.2682
1,59,0.2696
1,60,0.2751
1,61,0.2886
1,62,0.6858
1,63,2.6606
1,64,1.1752
1,65,0.3437
1,66,0.2791
1,67,0.2716
1,68,0.2714
1,69,0.2695
1,70,0.2698
1,71,0.2677
1,72,0.2710
1,73,0.2682
1,74,0.4328
1,75,0.3991
1,76,0.3117
1,77,0.2868
1,78,0.2771
1,79,0.2997
1,80,0.2945
1,81,0.2949
1,82,0.3316
1,83,0.3575
1,84,0.3479
1,85,0.3028
1,86,0.3928
1,87,0.3035
1,88,0.2996
1,89,0.2978
1,90,0.2970
1,91,0.2945
1,92,0.2959
1,93,0.2991
1,94,0.2898
1,95,0.3076
1,96,0.2974
1,97,0.3101
1,98,0.2905
1,99,0.2791
1,0,0.4766
1,1,0.3463
1,2,0.3317
1,3,0.3168
1,4,0.2694
1,5,0.2681
1,6,0.2675
1,7,0.2677
1,8,0.2674
1,9,0.2679
1,10,0.2680
1,11,0.2668
1,12,0.2698
1,13,0.2672
1,14,0.2683
1,15,0.2691
1,16,0.2681
1,17,0.2690
1,18,0.2672
1,19,0.2688
1,20,0.2673
1,21,0.2695
1,22,0.2677
1,23,0.2678
1,24,0.2665
1,25,0.2839
1,26,0.2677
1,27,0.2677
1,28,0.2818
1,29,0.2685
1,30,0.2678
1,31,0.2687
1,32,0.2670
1,33,0.2685
1,34,0.2682
1,35,0.2680
1,36,0.2673
1,37,0.2684
1,38,0.2695
1,39,0.2682
1,40,0.2680
1,41,0.2683
1,42,0.2684
1,43,0.2677
1,44,0.2687
1,45,0.2683
1,46,0.2669
1,47,0.2675
1,48,0.2693
1,49,0.2681
1,50,0.2824
1,51,0.2699
1,52,0.2679
1,53,0.2678
1,54,0.2667
1,55,0.2670
1,56,0.2675
1,57,0.2675
1,58,0.2672
1,59,0.2677
1,60,0.2681
1,61,0.2674
1,62,0.2681
1,63,0.2687
1,64,0.2672
1,65,0.2674
1,66,0.2658
1,67,0.2671
1,68,0.2677
1,69,0.2677
1,70,0.2671
1,71,0.2680
1,72,0.2684
1,73,0.2669
1,74,0.2684
1,75,0.2685
1,76,0.2682
1,77,0.2686
1,78,0.2681
1,79,0.2679
1,80,0.2676
1,81,0.2673
1,82,0.2668
1,83,0.2675
1,84,0.2686
1,85,0.2685
1,86,0.2677
1,87,0.2677
1,88,0.2662
1,89,0.2698
1,90,0.2677
1,91,0.2666
1,92,0.2682
1,93,0.2679
1,94,0.2669
1,95,0.2680
1,96,0.2671
1,97,0.2674
1,98,0.2680
1,99,0.2686
2,0,0.4566
2,1,0.3128
2,2,0.2837
2,3,0.2774
2,4,0.2730
2,5,0.2687
2,6,0.2705
2,7,0.2710
2,8,0.2691
2,9,0.2703
2,10,0.2703
2,11,0.2704
2,12,0.2710
2,13,0.2694
2,14,0.2714
2,15,0.2673
2,16,0.2672
2,17,0.2674
2,18,0.2684
2,19,0.2670
2,20,0.2664
2,21,0.2669
2,22,0.2677
2,23,0.2678
2,24,0.2696
2,25,0.2672
2,26,0.2678
2,27,0.2783
2,28,0.2685
2,29,0.2679
2,30,0.2696
2,31,0.2667
2,32,0.2680
2,33,0.2689
2,34,0.2677
2,35,0.2675
2,36,0.2687
2,37,0.2672
2,38,0.2668
2,39,0.2671
2,40,0.2790
2,41,0.2681
2,42,0.2696
2,43,0.2678
2,44,0.2663
2,45,0.2672
2,46,0.2679
2,47,0.2660
2,48,0.2700
2,49,0.2688
2,50,0.2664
2,51,0.2670
2,52,0.2673
2,53,0.2803
2,54,0.2700
2,55,0.2677
2,56,0.2675
2,57,0.2667
2,58,0.2671
2,59,0.2666
2,60,0.2691
2,61,0.2683
2,62,0.2671
2,63,0.2680
2,64,0.2675
2,65,0.2665
2,66,0.2704
2,67,0.2677
2,68,0.2683
2,69,0.2680
2,70,0.2680
2,71,0.2678
2,72,0.2697
2,73,0.2677
2,74,0.2674
2,75,0.2687
2,76,0.2673
2,77,0.2682
2,78,0.2778
2,79,0.2677
2,80,0.2674
2,81,0.2680
2,82,0.2675
2,83,0.2676
2,84,0.2688
2,85,0.2678
2,86,0.2687
2,87,0.2691
2,88,0.2688
2,89,0.2689
2,90,0.2696
2,91,0.2706
2,92,0.2703
2,93,0.2694
2,94,0.2692
2,95,0.2707
2,96,0.2714
2,97,0.2697
2,98,0.2706
2,99,0.2698
3,0,0.3960
3,1,0.2984
3,2,0.3727
3,3,0.3324
3,4,0.2758
3,5,0.2726
3,6,0.2727
3,7,0.2714
3,8,0.2712
3,9,0.2713
3,10,0.2715
3,11,0.2726
3,12,0.2717
3,13,0.2707
3,14,0.2851
3,15,0.2714
3,16,0.2712
3,17,0.2707
3,18,0.2719
3,19,0.2710
3,20,0.2711
3,21,0.2718
3,22,0.2709
3,23,0.2687
3,24,0.2700
3,25,0.2701
3,26,0.2718
3,27,0.2836
3,28,0.2699
3,29,0.2694
3,30,0.2696
3,31,0.2679
3,32,0.2695
3,33,0.2696
3,34,0.2724
3,35,0.2712
3,36,0.2717
3,37,0.2722
3,38,0.2721
3,39,0.2827
3,40,0.2721
3,41,0.2708
3,42,0.2714
3,43,0.2705
3,44,0.2707
3,45,0.2714
3,46,0.2711
3,47,0.2701
3,48,0.2713
3,49,0.2708
3,50,0.2710
3,51,0.2705
3,52,0.2723
3,53,0.2694
3,54,0.2699
3,55,0.2689
3,56,0.2705
3,57,0.2687
3,58,0.2695
3,59,0.2696
3,60,0.2698
3,61,0.2701
3,62,0.2689
3,63,0.2688
3,64,0.2693
3,65,0.2699
3,66,0.2706
3,67,0.2689
3,68,0.2686
3,69,0.2695
3,70,0.2694
3,71,0.2703
3,72,0.2703
3,73,0.2697
3,74,0.2703
3,75,0.2700
3,76,0.2695
3,77,0.2692
3,78,0.2864
3,79,0.2710
3,80,0.2700
3,81,0.2678
3,82,0.2693
3,83,0.2683
3,84,0.2682
3,85,0.2687
3,86,0.2698
3,87,0.2687
3,88,0.2688
3,89,0.2700
3,90,0.2688
3,91,0.2726
3,92,0.2698
3,93,0.2702
3,94,0.2701
3,95,0.2700
3,96,0.2688
3,97,0.2718
3,98,0.2711
3,99,0.2712
4,0,0.4037
4,1,0.2884
4,2,0.3371
4,3,0.2765
4,4,0.2697
4,5,0.2683
4,6,0.2680
4,7,0.2673
4,8,0.2695
4,9,0.2672
4,10,0.2685
4,11,0.3200
4,12,0.3141
4,13,0.3134
4,14,0.3147
4,15,0.3119
4,16,0.2688
4,17,0.2676
4,18,0.2700
4,19,0.2680
4,20,0.2710
4,21,0.2683
4,22,0.2676
4,23,0.2830
4,24,0.2689
4,25,0.2681
4,26,0.2697
4,27,0.2667
4,28,0.2677
4,29,0.2693
4,30,0.2677
4,31,0.2683
4,32,0.2695
4,33,0.2682
4,34,0.2677
4,35,0.2671
4,36,0.2689
4,37,0.2675
4,38,0.2701
4,39,0.2689
4,40,0.2801
4,41,0.2696
4,42,0.2681
4,43,0.2683
4,44,0.2701
4,45,0.2678
4,46,0.2679
4,47,0.2667
4,48,0.2802
4,49,0.2688
4,50,0.2693
4,51,0.2674
4,52,0.2684
4,53,0.2681
4,54,0.2684
4,55,0.2671
4,56,0.2691
4,57,0.2688
4,58,0.2681
4,59,0.2676
4,60,0.2685
4,61,0.2676
4,62,0.2700
4,63,0.2676
4,64,0.2675
4,65,0.2691
4,66,0.2688
4,67,0.2674
4,68,0.2709
4,69,0.2669
4,70,0.2687
4,71,0.2674
4,72,0.2673
4,73,0.2679
4,74,0.2697
4,75,0.2691
4,76,0.2692
4,77,0.2685
4,78,0.2673
4,79,0.2679
4,80,0.2705
4,81,0.2691
4,82,0.2715
4,83,0.2712
4,84,0.2724
4,85,0.2718
4,86,0.2734
4,87,0.2850
4,88,0.2724
4,89,0.2721
4,90,0.2712
4,91,0.2716
4,92,0.2739
4,93,0.2715
4,94,0.2718
4,95,0.2714
4,96,0.2722
4,97,0.2715
4,98,0.2741
4,99,0.2720
5,0,0.4537
5,1,0.3117
5,2,0.3874
5,3,0.2815
5,4,0.2753
5,5,0.2743
5,6,0.2734
5,7,0.2730
5,8,0.2738
5,9,0.2756
5,10,0.2739
5,11,0.2733
5,12,0.2761
5,13,0.2695
5,14,0.2686
5,15,0.2709
5,16,0.2680
5,17,0.2702
5,18,0.2697
5,19,0.2696
5,20,0.2692
5,21,0.2717
5,22,0.2692
5,23,0.2696
5,24,0.2698
5,25,0.2881
5,26,0.3223
5,27,0.3189
5,28,0.3179
5,29,0.3170
5,30,0.3178
5,31,0.3183
5,32,0.3187
5,33,0.2732
5,34,0.2702
5,35,0.2703
5,36,0.2703
5,37,0.2710
5,38,0.2689
5,39,0.2710
5,40,0.2696
5,41,0.2686
5,42,0.2701
5,43,0.2698
5,44,0.2694
5,45,0.2708
5,46,0.2686
5,47,0.2691
5,48,0.2695
5,49,0.2767
5,50,0.2710
5,51,0.2709
5,52,0.2679
5,53,0.2708
5,54,0.2688
5,55,0.2990
5,56,0.2703
5,57,0.2712
5,58,0.2699
5,59,0.2707
5,60,0.2700
5,61,0.2691
5,62,0.2714
5,63,0.2706
5,64,0.2691
5,65,0.2686
5,66,0.2691
5,67,0.2704
5,68,0.2710
5,69,0.2717
5,70,0.2697
5,71,0.2693
5,72,0.2689
5,73,0.2705
5,74,0.2700
5,75,0.2848
5,76,0.2690
5,77,0.2699
5,78,0.2688
5,79,0.2688
5,80,0.2704
5,81,0.2705
5,82,0.2697
5,83,0.2709
5,84,0.2689
5,85,0.2698
5,86,0.2701
5,87,0.2715
5,88,0.2704
5,89,0.2701
5,90,0.2699
5,91,0.2693
5,92,0.2698
5,93,0.2717
5,94,0.2687
5,95,0.2680
5,96,0.2689
5,97,0.2691
5,98,0.2694
5,99,0.2707
6,0,0.4088
6,1,0.3018
6,2,0.2902
6,3,0.2854
6,4,0.2737
6,5,0.2721
6,6,0.2696
6,7,0.2724
6,8,0.2724
6,9,0.2705
6,10,0.2757
6,11,0.2704
6,12,0.2672
6,13,0.2699
6,14,0.2687
6,15,0.2672
6,16,0.2683
6,17,0.2694
6,18,0.2688
6,19,0.2692
6,20,0.2681
6,21,0.2672
6,22,0.2673
6,23,0.2708
6,24,0.2690
6,25,0.3251
6,26,0.3185
6,27,0.3177
6,28,0.3185
6,29,0.2703
6,30,0.2700
6,31,0.2696
6,32,0.2692
6,33,0.2688
6,34,0.2683
6,35,0.2695
6,36,0.2687
6,37,0.2696
6,38,0.2689
6,39,0.2679
6,40,0.2689
6,41,0.2689
6,42,0.2678
6,43,0.2709
6,44,0.2673
6,45,0.2675
6,46,0.2671
6,47,0.2684
6,48,0.2675
6,49,0.2702
6,50,0.2683
6,51,0.2676
6,52,0.2674
6,53,0.2689
6,54,0.2684
6,55,0.2703
6,56,0.2703
6,57,0.2713
6,58,0.2706
6,59,0.2707
6,60,0.2706
6,61,0.2816
6,62,0.2715
6,63,0.2707
6,64,0.2697
6,65,0.2701
6,66,0.2703
6,67,0.2720
6,68,0.2702
6,69,0.2705
6,70,0.2699
6,71,0.2701
6,72,0.2689
6,73,0.2721
6,74,0.2881
6,75,0.2682
6,76,0.2676
6,77,0.2671
6,78,0.2682
6,79,0.2698
6,80,0.2699
6,81,0.2684
6,82,0.2681
6,83,0.2681
6,84,0.2676
6,85,0.2684
6,86,0.2674
6,87,0.2712
6,88,0.2682
6,89,0.2686
6,90,0.2689
6,91,0.2697
6,92,0.2692
6,93,0.2681
6,94,0.2693
6,95,0.2676
6,96,0.2676
6,97,0.2703
6,98,0.2693
6,99,0.2812
7,0,0.4187
7,1,0.3741
7,2,0.3983
7,3,0.3225
7,4,0.3145
7,5,0.3484
7,6,0.3211
7,7,0.3200
7,8,0.3199
7,9,0.2724
7,10,0.2697
7,11,0.2686
7,12,0.2696
7,13,0.2700
7,14,0.2677
7,15,0.2698
7,16,0.2691
7,17,0.2812
7,18,0.2689
7,19,0.2693
7,20,0.2696
7,21,0.2690
7,22,0.2692
7,23,0.2679
7,24,0.2679
7,25,0.2704
7,26,0.2682
7,27,0.2692
7,28,0.2686
7,29,0.2696
7,30,0.2832
7,31,0.2674
7,32,0.2682
7,33,0.2688
7,34,0.2677
7,35,0.2686
7,36,0.2678
7,37,0.2680
7,38,0.2682
7,39,0.2688
7,40,0.2683
7,41,0.2695
7,42,0.2693
7,43,0.3173
7,44,0.3135
7,45,0.3139
7,46,0.3134
7,47,0.3147
7,48,0.3126
7,49,0.2702
7,50,0.2689
7,51,0.2688
7,52,0.2684
7,53,0.2682
7,54,0.3328
7,55,0.2711
7,56,0.2695
7,57,0.2684
7,58,0.2692
7,59,0.2686
7,60,0.2684
7,61,0.2701
7,62,0.2700
7,63,0.2678
7,64,0.2702
7,65,0.2693
7,66,0.2690
7,67,0.2690
7,68,0.2701
7,69,0.2680
7,70,0.2680
7,71,0.2684
7,72,0.2687
7,73,0.2690
7,74,0.2692
7,75,0.2682
7,76,0.2685
7,77,0.2681
7,78,0.2689
7,79,0.2696
7,80,0.2774
7,81,0.2695
7,82,0.2691
7,83,0.2685
7,84,0.2690
7,85,0.2695
7,86,0.2702
7,87,0.2697
7,88,0.2691
7,89,0.2692
7,90,0.2696
7,91,0.2697
7,92,0.2684
7,93,0.2800
7,94,0.2683
7,95,0.2694
7,96,0.2688
7,97,0.2691
7,98,0.2675
7,99,0.2689
8,0,0.4385
8,1,0.3520
8,2,0.3341
8,3,0.3224
8,4,0.3206
8,5,0.3157
8,6,0.3001
8,7,0.2736
8,8,0.2733
8,9,0.2742
8,10,0.2690
8,11,0.2689
8,12,0.2690
8,13,0.2695
8,14,0.2695
8,15,0.2680
8,16,0.2688
8,17,0.2689
8,18,0.2809
8,19,0.2692
8,20,0.2698
8,21,0.2711
8,22,0.2700
8,23,0.2692
8,24,0.2703
8,25,0.2695
8,26,0.2700
8,27,0.2683
8,28,0.2693
8,29,0.2703
8,30,0.2694
8,31,0.2690
8,32,0.2696
8,33,0.2693
8,34,0.2690
8,35,0.2691
8,36,0.2685
8,37,0.2697
8,38,0.2694
8,39,0.2699
8,40,0.2696
8,41,0.2696
8,42,0.2692
8,43,0.2692
8,44,0.2725
8,45,0.2704
8,46,0.2693
8,47,0.2688
8,48,0.2687
8,49,0.2689
8,50,0.2693
8,51,0.2720
8,52,0.2711
8,53,0.2710
8,54,0.2710
8,55,0.2714
8,56,0.2705
8,57,0.2849
8,58,0.2724
8,59,0.2697
8,60,0.2716
8,61,0.2720
8,62,0.2710
8,63,0.2699
8,64,0.2746
8,65,0.2748
8,66,0.2743
8,67,0.2736
8,68,0.2728
8,69,0.2725
8,70,0.2721
8,71,0.2713
8,72,0.2720
8,73,0.2715
8,74,0.2699
8,75,0.2709
8,76,0.2699
8,77,0.2715
8,78,0.2718
8,79,0.2717
8,80,0.2718
8,81,0.2723
8,82,0.3243
8,83,0.2729
8,84,0.2706
8,85,0.2687
8,86,0.2705
8,87,0.2693
8,88,0.2690
8,89,0.2687
8,90,0.2691
8,91,0.2685
8,92,0.2706
8,93,0.2679
8,94,0.2685
8,95,0.2797
8,96,0.2693
8,97,0.2698
8,98,0.2714
8,99,0.2688
9,0,0.3527
9,1,0.2901
9,2,0.3106
9,3,0.2814
9,4,0.2717
9,5,0.2711
9,6,0.2711
9,7,0.2711
9,8,0.2712
9,9,0.2720
9,10,0.2715
9,11,0.2980
9,12,0.2754
9,13,0.2715
9,14,0.2695
9,15,0.2692
9,16,0.2698
9,17,0.2695
9,18,0.2705
9,19,0.2725
9,20,0.2717
9,21,0.2719
9,22,0.2713
9,23,0.2716
9,24,0.2849
9,25,0.2717
9,26,0.2709
9,27,0.2719
9,28,0.2706
9,29,0.2705
9,30,0.2724
9,31,0.2723
9,32,0.2713
9,33,0.2708
9,34,0.2708
9,35,0.2704
9,36,0.2740
9,37,0.2716
9,38,0.2681
9,39,0.2681
9,40,0.2689
9,41,0.2680
9,42,0.2705
9,43,0.2684
9,44,0.2678
9,45,0.2679
9,46,0.2687
9,47,0.2693
9,48,0.2704
9,49,0.2885
9,50,0.2714
9,51,0.2700
9,52,0.2703
9,53,0.2702
9,54,0.2716
9,55,0.2690
9,56,0.2704
9,57,0.2705
9,58,0.2691
9,59,0.2685
9,60,0.2704
9,61,0.2691
9,62,0.2703
9,63,0.2690
9,64,0.2686
9,65,0.2691
9,66,0.2709
9,67,0.2698
9,68,0.2687
9,69,0.2676
9,70,0.2689
9,71,0.2687
9,72,0.2701
9,73,0.2687
9,74,0.2693
9,75,0.2687
9,76,0.2705
9,77,0.2687
9,78,0.2720
9,79,0.2706
9,80,0.2717
9,81,0.2717
9,82,0.2717
9,83,0.2710
9,84,0.2734
9,85,0.2708
9,86,0.2714
9,87,0.2865
9,88,0.2722
9,89,0.2697
9,90,0.2737
9,91,0.2722
9,92,0.2711
9,93,0.2730
9,94,0.2705
9,95,0.2709
9,96,0.2724
9,97,0.2715
9,98,0.2712
9,99,0.2714
10,0,0.4270
10,1,0.3570
10,2,0.2949
10,3,0.2821
10,4,0.2762
10,5,0.2733
10,6,0.2730
10,7,0.2725
10,8,0.2729
10,9,0.2693
10,10,0.2703
10,11,0.2691
10,12,0.2865
10,13,0.2693
10,14,0.2688
10,15,0.2679
10,16,0.2710
10,17,0.2677
10,18,0.2682
10,19,0.2684
10,20,0.2676
10,21,0.2679
10,22,0.2708
10,23,0.2676
10,24,0.2697
10,25,0.2699
10,26,0.2686
10,27,0.2682
10,28,0.2690
10,29,0.2687
10,30,0.2687
10,31,0.2670
10,32,0.2676
10,33,0.2678
10,34,0.2700
10,35,0.2680
10,36,0.2686
10,37,0.2799
10,38,0.2686
10,39,0.2686
10,40,0.2693
10,41,0.2672
10,42,0.2680
10,43,0.2682
10,44,0.2685
10,45,0.2694
10,46,0.2716
10,47,0.2683
10,48,0.2711
10,49,0.2710
10,50,0.2736
10,51,0.2708
10,52,0.2723
10,53,0.2692
10,54,0.2709
10,55,0.2707
10,56,0.2704
10,57,0.2712
10,58,0.2723
10,59,0.2699
10,60,0.2719
10,61,0.2699
10,62,0.2710
10,63,0.2695
10,64,0.2704
10,65,0.2672
10,66,0.2691
10,67,0.2677
10,68,0.2678
10,69,0.2675
10,70,0.2699
10,71,0.2681
10,72,0.2686
10,73,0.2682
10,74,0.2683
10,75,0.2682
10,76,0.2827
10,77,0.2678
10,78,0.2691
10,79,0.2673
10,80,0.2684
10,81,0.2683
10,82,0.2702
10,83,0.2686
10,84,0.2685
10,85,0.2684
10,86,0.2688
10,87,0.2684
10,88,0.2699
10,89,0.2811
10,90,0.2690
10,91,0.2676
10,92,0.2666
10,93,0.2671
10,94,0.2700
10,95,0.2673
10,96,0.2712
10,97,0.2702
10,98,0.2700
10,99,0.2705
