elapsed_s,power_uw
0.000,6160000
0.211,6220000
0.412,6150000
0.612,6210000
0.813,6190000
1.014,6150000
1.215,6090000
1.416,6140000
1.618,6200000
1.819,6120000
2.020,6120000
2.221,6120000
2.422,6100000
2.623,6120000
2.824,6150000
3.025,5970000
3.226,6160000
3.427,6060000
3.628,6070000
3.829,6030000
4.030,6150000
4.230,6130000
4.431,6180000
4.632,6430000
4.833,6220000
5.034,6140000
5.235,6150000
5.436,6200000
5.637,6100000
5.838,6160000
6.039,6180000
6.240,6130000
6.441,5930000
6.642,6130000
6.843,6120000
7.044,6020000
7.244,6130000
7.445,6140000
7.646,6620000
7.847,6100000
8.048,5960000
8.249,6110000
8.450,6010000
8.651,6170000
8.852,5930000
9.053,6140000
9.254,6110000
9.455,6250000
9.656,6220000
9.857,6180000
10.058,6210000
10.259,6100000
10.460,6190000
10.661,6230000
10.861,6120000
11.062,6130000
11.263,6130000
11.464,6020000
11.665,6120000
11.866,6140000
12.067,5910000
12.268,6160000
12.469,6100000
12.670,6090000
12.871,6170000
13.072,6140000
13.273,6090000
13.474,6150000
13.675,6150000
13.876,5950000
14.077,6050000
14.277,6210000
14.478,6150000
14.679,6170000
14.880,6160000
15.081,6190000
15.282,6160000
15.483,6220000
15.684,6170000
15.885,6120000
16.086,5900000
16.287,6080000
16.488,6120000
16.689,5980000
16.890,6120000
17.091,6000000
17.292,6150000
17.492,6200000
17.693,6120000
17.894,5640000
18.095,6130000
18.296,6150000
18.498,6130000
18.698,6200000
18.899,6160000
19.100,6130000
19.301,6190000
19.502,6160000
19.703,6210000
19.904,6140000
20.105,6160000
20.306,6130000
20.507,6220000
20.708,6140000
20.909,6130000
21.110,6010000
21.311,6130000
21.512,6180000
21.713,6070000
21.914,6070000
22.115,5960000
22.316,6160000
22.517,6000000
22.717,6140000
22.918,6170000
23.119,6140000
23.320,6250000
23.521,6200000
23.722,6400000
23.923,6210000
24.124,6220000
24.325,6130000
24.526,6150000
24.727,6210000
24.928,6160000
25.129,6080000
25.330,6140000
25.531,6140000
25.732,6070000
25.933,6120000
26.134,5990000
26.335,6160000
26.536,6090000
26.737,6080000
26.938,6110000
27.139,6050000
27.340,6130000
27.540,6100000
27.741,6160000
27.942,6230000
28.143,6200000
28.344,6180000
28.546,6110000
28.747,6210000
28.948,6090000
29.149,6200000
29.350,6160000
29.551,6130000
29.751,5860000
29.952,6130000
30.153,6140000
30.354,6000000
30.555,6130000
30.756,5980000
30.957,6040000
31.158,6050000
31.359,6160000
31.560,6100000
31.761,6180000
31.962,6120000
32.163,6100000
32.364,6140000
32.564,6240000
32.765,6210000
32.966,6180000
33.167,6230000
33.368,6060000
33.569,6160000
33.770,6160000
33.971,6150000
34.172,6140000
34.373,5980000
34.574,6130000
34.775,6040000
34.976,6130000
35.177,6120000
35.378,6020000
35.579,6170000
35.780,5980000
35.981,6120000
36.182,6130000
36.383,6170000
36.584,6170000
36.785,6130000
36.986,6130000
37.186,6230000
37.387,6560000
37.588,6180000
37.789,6200000
37.990,6200000
38.191,6060000
38.392,6130000
38.593,6170000
38.794,6170000
38.995,6110000
39.196,6140000
39.397,6220000
39.598,6110000
39.799,6140000
40.000,6040000
40.201,6170000
40.402,6070000
40.603,6170000
40.804,5940000
41.005,6140000
41.206,5920000
41.406,6200000
41.607,5950000
41.808,6260000
42.009,6200000
42.210,6230000
42.411,6200000
42.612,6130000
42.813,6170000
43.014,6190000
43.215,6130000
43.416,5990000
43.617,6160000
43.818,6120000
44.019,5870000
44.220,6130000
44.421,6110000
44.622,5960000
44.823,6170000
45.024,5990000
45.225,6170000
45.426,6060000
45.626,6140000
45.828,6020000
46.028,6170000
46.229,5970000
46.430,6220000
46.631,6260000
46.832,6170000
47.033,6230000
47.234,6300000
47.435,6140000
47.636,6200000
47.837,6120000
48.038,6160000
48.239,6130000
48.440,6140000
48.641,6000000
48.842,6120000
49.043,6110000
49.244,5980000
49.444,6070000
49.645,5970000
49.846,6160000
50.047,6040000
50.248,6160000
50.449,6130000
50.650,6140000
50.851,5910000
51.052,6450000
51.253,6230000
51.454,6190000
51.655,6170000
51.856,6040000
52.057,6130000
52.258,6160000
52.459,6220000
52.660,6150000
52.861,6150000
53.061,6150000
53.262,6110000
53.463,6140000
53.664,6270000
53.865,6070000
54.066,6170000
54.267,5920000
54.468,6160000
54.669,5970000
54.870,6140000
55.071,6200000
55.272,6200000
55.473,5820000
55.674,6240000
55.875,6240000
56.076,6150000
56.277,6240000
56.477,6030000
56.679,6140000
56.880,6160000
57.081,6200000
57.282,6160000
57.482,6120000
57.683,6130000
57.884,6070000
58.085,6150000
58.286,6140000
58.487,6080000
58.688,6100000
58.889,5950000
59.090,6160000
59.291,5980000
59.492,6130000
59.693,6130000
59.894,6130000
60.095,5940000
60.296,6230000
60.496,6220000
60.697,6140000
60.898,6180000
61.099,6170000
61.300,6220000
61.501,6180000
61.702,6080000
61.903,6210000
62.104,6140000
62.305,6200000
62.506,6140000
62.707,6150000
62.908,5870000
63.109,6160000
63.310,6170000
63.511,6130000
63.712,6090000
63.913,5950000
64.114,6120000
64.315,6160000
64.516,6150000
64.717,5940000
64.918,6390000
65.119,6260000
65.320,6160000
65.521,6230000
65.722,6090000
65.922,6140000
66.123,6160000
66.324,6180000
66.525,6150000
66.726,6150000
66.927,5940000
67.128,6140000
67.329,6130000
67.530,5980000
67.731,6020000
67.932,6060000
68.133,6120000
68.334,6090000
68.535,6110000
68.736,6080000
68.937,6140000
69.138,6190000
69.339,6090000
69.540,6100000
69.741,6250000
69.942,6120000
70.143,6190000
70.344,6180000
70.545,6160000
70.745,6140000
70.946,6180000
71.147,6200000
71.348,6130000
71.549,6110000
71.750,6130000
71.951,6130000
72.152,6150000
72.353,6120000
72.554,5960000
72.755,6130000
72.956,6060000
73.157,6150000
73.358,5950000
73.559,6160000
73.760,6110000
73.961,6050000
74.162,5970000
74.363,6250000
74.564,6160000
74.765,6180000
74.966,6200000
75.167,6090000
75.367,6190000
75.568,6170000
75.769,6130000
75.970,5990000
76.171,6180000
76.372,6090000
76.573,6080000
76.774,6130000
76.975,6000000
77.176,6160000
77.377,6140000
77.578,5940000
77.779,6090000
77.980,6120000
78.181,6140000
78.382,6150000
78.583,6180000
78.784,6140000
78.984,6250000
79.185,6210000
79.386,6220000
79.587,6120000
79.788,6160000
79.989,6230000
80.190,6140000
80.391,6130000
80.592,6190000
80.793,6130000
80.994,5970000
81.195,6120000
81.396,6150000
81.597,6130000
81.798,6120000
81.998,5950000
82.199,6150000
82.400,5940000
82.601,6110000
82.802,6080000
83.003,6160000
83.204,5980000
83.405,6130000
83.606,6260000
83.807,6190000
84.008,6220000
84.209,6090000
84.410,6130000
84.611,6160000
84.812,6100000
85.013,6160000
85.213,6180000
85.414,6130000
85.615,6060000
85.816,6130000
86.017,6060000
86.218,6110000
86.419,6160000
86.620,5960000
86.821,6140000
87.022,5990000
87.223,6130000
87.424,5950000
87.625,6160000
87.826,6140000
88.027,6150000
88.228,6280000
88.429,6160000
88.630,6230000
88.831,6240000
89.031,6210000
89.232,6150000
89.433,6160000
89.634,6180000
89.835,6130000
90.036,6180000
90.237,6130000
90.438,6130000
90.639,5970000
90.840,6130000
91.041,6010000
91.242,6070000
91.443,6140000
91.644,6140000
91.845,6060000
92.046,6100000
92.247,6160000
92.447,5990000
92.648,6150000
92.849,6240000
93.050,6180000
93.251,6190000
93.453,6250000
93.654,6120000
93.855,6080000
94.056,6150000
94.257,6160000
94.458,6170000
94.658,5910000
94.859,6110000
95.060,6120000
95.261,5990000
95.462,6120000
95.663,6040000
95.864,6080000
96.065,6160000
96.266,6170000
96.467,6070000
96.668,6120000
96.869,6140000
97.070,5960000
97.271,6120000
97.472,6230000
97.673,6180000
97.874,6180000
98.075,6160000
98.276,6140000
98.477,6030000
98.678,6160000
98.879,6160000
99.080,6160000
99.281,5960000
99.482,6140000
99.683,6080000
99.884,6160000
100.085,6140000
100.286,6080000
100.487,6160000
100.687,6080000
100.888,6070000
101.089,6200000
101.290,6140000
101.491,6100000
101.692,6170000
101.893,6130000
102.094,6240000
102.295,6390000
102.496,6210000
102.697,6240000
102.898,6180000
103.099,6100000
103.300,6190000
103.501,6180000
103.702,6300000
103.903,6020000
104.104,6170000
104.305,6070000
104.506,6150000
104.707,6100000
104.908,6000000
105.109,6130000
105.310,5980000
105.511,6180000
105.712,6120000
105.913,6120000
106.114,5940000
106.314,6160000
106.515,5780000
106.716,6250000
106.918,6240000
107.119,6210000
107.320,6170000
107.521,6130000
107.722,6150000
107.923,6160000
108.124,6130000
108.325,6120000
108.525,6130000
108.726,6150000
108.927,5960000
109.128,6130000
109.329,6150000
109.530,5940000
109.731,6160000
109.932,5960000
110.133,6090000
110.334,6060000
110.535,6160000
110.736,5900000
110.937,6150000
111.138,5810000
111.339,6230000
111.540,6230000
111.741,6180000
111.942,6140000
112.143,6050000
112.343,6140000
112.544,6220000
112.745,6160000
112.946,6140000
113.147,6170000
113.348,6130000
113.549,5960000
113.750,6130000
113.951,6130000
114.152,5960000
114.353,6170000
114.554,5960000
114.755,6110000
114.956,6030000
115.157,6140000
115.358,6020000
115.558,6150000
115.760,5620000
115.960,6250000
116.161,6240000
116.362,6180000
116.563,6200000
116.764,6150000
116.965,6110000
117.166,6210000
117.367,6110000
117.568,6180000
117.769,6140000
117.970,6120000
118.171,6100000
118.372,6130000
118.573,6150000
118.774,6030000
118.975,6090000
119.176,5960000
119.376,6130000
119.577,5960000
119.778,6160000
119.979,6180000
120.180,6190000
120.381,5890000
120.582,6210000
120.783,6230000
120.984,6200000
121.185,6170000
121.386,6000000
121.587,6160000
121.788,6150000
121.989,6040000
122.190,6170000
122.391,6150000
122.592,6070000
122.793,6130000
122.994,6130000
123.195,5870000
123.396,6120000
123.596,6110000
123.797,6010000
123.998,6180000
124.199,5950000
124.400,6120000
124.601,6160000
124.802,6160000
125.003,5950000
125.204,6250000
125.405,6250000
125.606,6220000
125.807,6250000
126.008,6130000
126.209,6200000
126.409,6190000
126.610,6080000
126.812,6170000
127.012,6140000
127.213,6070000
127.414,6160000
127.615,6120000
127.816,6020000
128.017,6130000
128.218,5960000
128.419,6170000
128.620,6190000
128.821,6050000
129.022,6140000
129.223,6150000
129.424,6150000
129.625,5960000
129.826,6710000
130.027,6230000
130.228,6190000
130.429,6340000
130.630,6170000
130.831,6170000
131.032,6180000
131.233,6220000
131.434,6170000
131.635,6110000
131.836,5980000
132.037,6130000
132.238,6170000
132.438,6180000
132.639,6120000
132.840,6040000
133.041,6150000
133.242,6010000
133.443,6160000
133.644,6060000
133.845,6220000
134.046,6190000
134.247,6050000
134.448,6020000
134.649,6250000
134.850,6200000
135.051,6170000
135.252,6170000
135.453,6150000
135.654,6120000
135.855,6210000
136.056,6140000
136.257,6180000
136.458,5960000
136.659,6170000
136.860,6090000
137.060,6140000
137.261,6160000
137.462,5950000
137.663,6080000
137.864,5680000
138.065,6160000
138.266,6160000
138.467,6140000
138.668,6150000
138.869,6160000
139.070,5920000
139.271,6110000
139.472,6190000
139.673,6210000
139.874,6170000
140.075,5960000
140.275,6190000
140.476,6230000
140.677,6060000
140.878,6180000
141.079,6120000
141.280,5980000
141.481,6110000
141.682,6150000
141.883,5950000
142.084,6180000
142.285,5970000
142.486,6170000
142.687,6040000
142.888,6110000
143.089,6220000
143.290,6200000
143.490,6150000
143.691,6160000
143.892,6230000
144.093,6230000
144.294,6160000
144.495,6110000
144.696,6210000
144.897,6160000
145.098,6100000
145.299,6130000
145.500,6170000
145.701,6150000
145.902,6010000
146.103,6130000
146.304,6070000
146.505,6140000
146.706,6100000
146.907,5950000
147.107,6100000
147.308,5960000
147.509,6160000
147.710,6100000
147.911,6170000
148.112,5960000
148.313,6140000
148.514,6240000
148.715,6190000
148.916,6200000
149.117,6150000
149.318,6160000
149.519,6210000
149.720,6130000
149.921,6170000
150.122,6130000
150.323,6140000
150.524,6110000
150.725,6140000
150.925,6110000
151.126,6130000
151.327,6050000
151.528,6080000
151.729,6100000
151.930,5960000
152.131,6130000
152.332,5970000
152.533,6090000
152.734,6150000
152.935,6130000
153.136,6250000
153.337,6240000
153.538,6140000
153.739,6130000
153.940,6230000
154.141,6200000
154.342,6030000
154.542,6210000
154.743,6150000
154.944,6090000
155.145,6180000
155.346,6140000
155.547,6160000
155.748,6140000
155.949,6150000
156.150,5890000
156.351,6120000
156.552,5960000
156.753,6160000
156.954,5980000
157.155,6180000
157.356,6070000
157.556,6130000
157.757,6260000
157.958,6170000
158.159,6260000
158.360,6230000
158.561,6150000
158.762,6140000
158.963,6200000
159.164,6140000
159.365,6170000
159.566,5960000
159.767,6130000
159.968,6100000
160.169,5880000
160.370,6140000
160.571,6170000
160.772,6140000
160.973,6170000
161.173,5930000
161.374,6170000
161.575,6070000
161.776,6140000
161.977,5980000
162.178,6160000
162.379,6220000
162.580,6220000
162.781,6180000
162.982,6160000
163.183,6160000
163.384,6150000
163.585,6140000
163.786,6140000
163.987,6170000
164.188,5870000
164.389,6140000
164.590,6130000
164.791,5980000
164.992,6140000
165.192,6140000
165.393,6100000
165.594,6090000
165.795,5950000
165.996,6100000
166.197,6070000
166.398,6150000
166.599,6210000
166.800,6120000
167.001,6260000
167.202,6180000
167.403,6210000
167.604,6230000
167.805,6170000
168.006,6200000
168.207,6180000
168.407,6220000
168.608,6200000
168.809,5980000
169.010,6140000
169.211,6170000
169.412,6200000
169.613,6130000
169.814,6050000
170.015,6060000
170.216,6100000
170.417,6170000
170.618,6110000
170.819,6180000
171.020,6100000
171.221,6020000
171.422,6140000
171.623,6250000
171.824,6140000
172.025,6250000
172.226,6160000
172.427,6170000
172.628,6140000
172.828,6170000
173.029,6130000
173.230,6170000
173.431,5980000
173.632,6170000
173.833,6100000
174.034,6140000
174.235,6130000
174.436,6030000
174.637,6130000
174.838,6000000
175.039,6130000
175.240,6130000
175.441,6150000
175.642,6160000
175.843,6110000
176.044,6160000
176.245,6260000
176.446,6560000
176.647,6200000
176.848,6170000
177.049,6190000
177.250,6150000
177.450,6190000
177.651,6150000
177.852,6250000
178.053,5970000
178.254,6130000
178.455,6060000
178.656,6140000
178.857,6140000
179.058,6060000
179.259,6150000
179.460,6020000
179.661,6160000
179.862,6130000
180.063,6140000
180.264,6130000
180.465,6130000
180.666,6150000
180.867,6250000
181.068,6570000
181.269,6220000
181.470,6210000
181.671,6170000
181.871,6140000
182.072,6120000
182.273,6150000
182.474,6030000
182.675,6140000
182.876,6150000
183.077,6120000
183.278,6120000
183.479,6140000
183.680,5970000
183.881,6160000
184.082,6100000
184.283,6080000
184.485,6000000
184.686,6140000
184.887,6170000
185.088,6180000
185.289,6160000
185.490,6260000
185.691,6230000
185.892,6210000
186.093,6200000
186.294,6150000
186.495,6140000
186.696,6170000
186.897,6210000
187.098,6130000
187.299,6160000
187.500,6150000
187.701,5950000
187.901,6150000
188.102,6180000
188.303,6020000
188.504,6090000
188.705,5990000
188.906,6170000
189.107,6070000
189.308,6170000
189.509,6130000
189.710,6180000
189.911,5970000
190.112,6600000
190.313,6240000
190.514,6230000
190.715,6440000
190.916,6190000
191.117,6170000
191.317,6140000
191.518,6180000
191.719,6140000
191.920,6110000
192.121,5940000
192.322,6170000
192.523,6140000
192.724,6070000
192.925,6160000
193.126,6030000
193.327,6120000
193.528,6020000
193.729,6110000
193.930,6070000
194.131,6150000
194.332,6180000
194.533,6090000
194.734,6270000
194.935,6230000
195.136,6150000
195.337,6190000
195.538,6140000
195.739,6190000
195.940,6160000
196.141,6170000
196.343,6270000
196.543,6190000
196.744,6110000
196.945,6130000
197.146,5980000
197.347,6150000
197.548,6180000
197.749,5960000
197.950,6140000
198.151,6070000
198.352,6170000
198.553,6160000
198.754,6180000
198.955,6150000
199.156,6160000
199.357,5920000
199.558,6100000
199.759,6240000
199.960,6180000
200.161,6190000
200.362,6150000
200.562,6190000
200.763,6150000
200.964,6140000
201.165,6010000
201.366,6170000
201.567,6080000
201.768,6130000
201.969,6140000
202.170,5950000
202.371,6140000
202.572,6130000
202.773,6120000
202.974,6140000
203.175,6140000
203.376,6090000
203.577,6150000
203.778,6090000
203.979,5890000
204.179,6070000
204.380,6180000
204.581,6190000
204.782,6170000
204.983,6080000
205.184,6190000
205.385,6170000
205.586,6120000
205.787,6100000
205.988,6140000
206.189,6050000
206.392,6190000
206.593,6100000
206.794,5930000
206.995,6150000
207.196,6090000
207.397,6080000
207.597,6170000
207.798,6140000
207.999,6060000
208.200,6160000
208.401,6080000
208.602,5960000
208.803,6130000
209.004,6160000
209.205,6210000
209.406,6170000
209.607,6090000
209.808,6180000
210.009,6160000
210.210,6220000
210.411,6140000
210.612,6160000
210.812,6120000
211.013,6190000
211.214,6150000
211.415,6000000
211.616,6150000
211.817,6050000
212.018,6150000
212.219,6170000
212.420,6130000
212.621,6100000
212.822,6130000
213.023,6090000
213.224,5920000
213.425,6110000
213.626,6210000
213.827,6230000
214.028,6130000
214.229,6030000
214.430,6190000
214.631,6150000
214.832,6140000
215.032,6050000
215.233,6100000
215.434,6050000
215.635,6220000
215.836,6130000
216.037,5930000
216.238,6160000
216.439,6140000
216.640,6110000
216.841,6100000
217.042,6130000
217.243,6080000
217.444,6130000
217.645,6120000
217.846,5940000
218.047,6140000
218.248,6200000
218.449,6220000
218.650,6170000
218.850,6120000
219.051,6160000
219.252,6210000
219.453,6060000
219.654,6200000
219.855,6170000
220.056,6240000
220.257,6150000
220.458,6150000
220.659,6000000
220.860,6110000
221.061,6100000
221.262,6150000
221.463,6140000
221.663,6120000
221.864,6130000
222.065,6170000
222.266,6100000
222.467,6110000
222.668,6200000
222.869,6200000
223.070,6220000
223.271,6170000
223.472,6150000
223.673,6180000
223.874,6110000
224.075,6030000
224.276,6160000
224.477,6150000
224.678,6130000
224.879,6140000
225.080,6100000
225.281,5900000
225.482,6100000
225.682,6150000
225.883,6110000
226.084,6170000
226.285,6120000
226.486,6130000
226.687,6180000
226.888,6090000
227.089,6120000
227.290,6220000
227.491,6170000
227.692,6190000
227.893,6160000
228.094,6150000
228.295,6180000
228.496,6140000
228.697,6160000
228.898,6140000
229.099,6170000
229.300,5900000
229.500,6140000
229.701,6150000
229.902,5940000
230.103,6170000
230.304,6000000
230.505,6120000
230.706,6170000
230.907,6120000
231.108,6130000
231.309,6140000
231.510,6170000
231.711,6150000
231.912,6260000
232.113,6230000
232.314,6220000
232.515,6120000
232.716,6190000
232.917,6230000
233.118,6150000
233.319,6180000
233.520,6160000
233.720,6140000
233.921,5940000
234.122,6160000
234.323,6140000
234.524,6070000
234.725,6080000
234.926,6030000
235.127,6170000
235.328,6120000
235.529,6150000
235.730,6120000
235.931,6150000
236.132,6140000
236.333,6090000
236.533,6250000
236.734,6260000
236.935,6190000
237.136,6120000
237.337,6180000
237.538,6200000
237.739,6170000
237.940,6150000
238.141,6150000
238.342,6150000
238.543,5890000
238.744,6130000
238.945,6140000
239.146,6100000
239.347,6170000
239.548,6050000
239.749,6040000
239.950,5980000
240.151,6130000
240.351,6320000
240.552,6180000
240.753,6160000
240.954,6150000
241.155,6260000
241.356,6210000
241.557,6220000
241.758,6130000
241.959,6160000
242.160,6160000
242.362,6140000
242.563,6150000
242.764,6160000
242.965,6190000
243.166,5990000
243.367,6160000
243.568,6100000
243.769,6130000
243.970,6110000
244.171,5970000
244.372,6110000
244.573,6030000
244.774,6150000
244.975,6070000
245.175,6130000
245.376,6150000
245.577,6130000
245.778,6240000
245.979,6150000
246.180,6170000
246.381,6090000
246.582,6190000
246.783,6130000
246.984,6100000
247.185,6130000
247.386,6160000
247.587,6070000
247.788,6160000
247.989,6150000
248.190,6070000
248.391,6120000
248.592,6200000
248.792,6040000
248.993,6150000
249.194,5960000
249.395,6150000
249.596,5950000
249.797,6170000
249.998,6140000
250.199,6170000
250.400,6240000
250.601,6240000
250.802,6090000
251.003,6210000
251.204,6150000
251.405,6190000
251.606,6190000
251.807,6200000
252.008,6110000
252.209,5970000
252.410,6180000
252.611,5970000
252.812,6150000
253.013,6120000
253.214,6030000
253.415,6120000
253.616,6010000
253.817,6170000
254.018,6130000
254.219,6150000
254.420,6160000
254.620,6140000
254.821,6130000
255.022,6220000
255.223,6400000
255.424,6210000
255.625,6230000
255.826,6160000
256.027,6060000
256.228,6160000
256.429,6130000
256.630,6250000
256.831,6140000
257.032,6120000
257.233,5870000
257.434,6160000
257.635,6120000
257.846,5790000
258.047,6160000
258.248,5920000
258.449,6090000
258.650,5960000
258.851,6130000
259.052,6180000
259.253,6160000
259.453,6000000
259.654,6220000
259.855,6250000
260.056,6150000
260.257,6160000
260.458,6090000
260.659,6200000
260.860,6160000
261.061,6100000
261.262,6160000
261.463,6130000
261.664,6150000
261.865,6100000
262.066,6120000
262.267,5960000
262.468,6160000
262.669,5990000
262.870,6090000
263.071,6160000
263.272,6010000
263.472,6130000
263.673,6180000
263.874,6130000
264.075,5960000
264.276,6700000
264.477,6250000
264.678,6170000
264.879,6250000
265.080,6190000
265.281,6170000
265.482,6150000
265.683,6160000
265.884,6190000
266.085,6170000
266.286,5870000
266.487,6160000
266.688,6180000
266.889,6110000
267.090,6170000
267.291,6030000
267.492,6170000
267.693,6040000
267.894,6180000
268.095,6140000
268.295,6240000
268.496,6180000
268.697,5990000
268.898,6300000
269.099,6250000
269.300,6130000
269.501,6180000
269.702,6170000
269.903,6170000
270.104,6170000
270.305,6230000
270.506,6210000
270.707,6130000
270.908,6080000
271.109,6140000
271.310,6200000
271.511,6180000
271.712,6040000
271.913,5950000
272.114,6180000
272.314,6050000
272.515,6180000
272.716,6020000
272.917,6150000
273.118,6150000
273.319,6170000
273.520,6440000
273.721,6240000
273.922,6200000
274.123,6210000
274.324,6180000
274.525,6210000
274.726,6080000
274.927,6140000
275.128,6180000
275.329,6160000
275.530,6140000
275.731,6140000
275.932,6180000
276.133,6120000
276.334,6170000
276.535,5940000
276.735,6120000
276.936,6010000
277.137,6160000
277.338,5880000
277.539,6230000
277.740,6110000
277.941,6170000
278.142,6230000
278.343,6240000
278.544,6140000
278.745,6150000
278.946,6170000
279.147,6220000
279.348,6040000
279.549,6180000
279.750,6160000
279.951,6190000
280.152,6210000
280.353,6130000
280.554,6200000
280.755,6140000
280.956,6150000
281.157,5950000
281.358,6170000
281.558,6020000
281.759,6120000
281.960,5920000
282.161,6160000
282.362,6120000
282.563,6170000
282.764,5880000
282.965,6250000
283.166,6090000
283.367,6220000
283.568,6170000
283.769,6170000
283.970,6150000
284.171,6170000
284.372,6190000
284.573,6100000
284.774,6140000
284.975,6130000
285.176,5890000
285.377,6140000
285.577,6170000
285.778,5960000
285.979,6170000
286.180,5950000
286.381,6120000
286.582,5960000
286.783,6180000
286.984,6030000
287.185,6190000
287.386,6010000
287.587,6090000
287.788,6190000
287.989,6210000
288.190,6150000
288.391,6150000
288.592,6170000
288.792,6220000
288.993,6140000
289.194,5960000
289.395,6150000
289.596,6180000
289.797,6120000
289.998,6110000
290.199,5940000
290.400,6170000
290.601,6170000
290.802,5980000
291.003,6180000
291.204,6100000
291.405,6110000
291.606,6120000
291.807,6150000
292.008,5870000
292.208,6120000
292.409,6210000
292.610,6200000
292.811,6180000
293.012,6030000
293.213,6170000
293.414,6160000
293.615,6280000
293.816,6110000
294.017,6120000
294.218,6130000
294.419,6200000
294.620,6150000
294.821,6000000
295.022,6130000
295.223,6160000
295.424,6010000
295.625,6080000
295.825,6220000
296.026,6200000
296.227,6130000
296.428,6110000
296.629,5910000
296.830,6250000
297.031,6210000
297.232,6240000
297.433,5960000
297.634,6180000
297.835,6140000
298.036,6300000
298.237,6230000
298.438,6150000
298.639,6200000
298.840,6170000
299.041,6130000
299.242,6030000
299.443,6130000
299.643,6070000
299.844,5970000
300.045,6090000
300.246,5990000
300.447,6130000
300.648,5900000
300.849,6160000
301.050,6110000
301.251,6100000
301.452,6250000
301.653,6210000
301.854,6320000
302.055,6210000
302.256,6150000
302.457,6130000
302.658,6160000
302.859,6220000
303.060,6150000
303.261,6090000
303.462,6130000
303.662,6120000
303.863,6000000
304.064,6150000
304.265,6190000
304.466,6110000
304.667,6090000
304.868,5940000
305.069,6170000
305.270,5980000
305.471,6130000
305.672,6150000
305.873,6160000
306.074,6240000
306.275,6200000
306.476,6240000
306.677,6140000
306.878,6140000
307.079,6190000
307.279,6100000
307.480,6190000
307.681,6220000
307.882,6050000
308.083,6150000
308.284,6100000
308.485,6160000
308.687,6130000
308.887,5990000
309.088,6180000
309.289,6050000
309.490,6130000
309.691,6130000
309.892,6120000
310.093,6130000
310.294,6140000
310.495,6130000
310.696,6260000
310.897,6580000
311.098,6170000
311.299,6210000
311.500,6210000
311.701,6270000
311.902,6170000
312.103,6230000
312.304,5970000
312.504,6190000
312.705,6140000
312.906,6070000
313.107,6150000
313.308,6170000
313.509,5950000
313.710,6090000
313.911,6060000
314.112,6160000
314.313,5990000
314.514,6180000
314.715,6050000
314.916,6190000
315.117,6170000
315.318,6240000
315.519,6230000
315.720,6170000
315.920,6110000
316.121,6220000
316.322,6200000
316.523,6180000
316.724,6240000
316.925,6070000
317.126,6150000
317.327,6130000
317.528,5870000
317.729,6130000
317.930,5640000
318.131,6100000
318.332,6150000
318.533,6160000
318.733,6100000
318.934,5970000
319.135,6140000
319.336,6170000
319.537,6190000
319.738,5960000
319.939,6610000
320.140,6230000
320.341,6210000
320.542,6210000
320.743,6180000
320.944,6170000
321.145,6160000
321.346,6050000
321.547,6130000
321.748,6130000
321.948,5810000
322.149,6140000
322.350,6140000
322.551,5990000
322.752,6150000
322.953,6020000
323.154,6110000
323.355,6130000
323.556,5980000
323.757,6140000
323.958,6150000
324.159,6210000
324.360,5970000
324.561,6690000
324.762,6250000
324.963,6210000
325.164,6430000
325.364,6140000
325.565,6140000
325.766,6130000
325.967,6160000
326.168,6200000
326.369,6150000
326.570,6070000
326.771,6130000
326.972,6130000
327.173,6100000
327.374,6140000
327.575,6080000
327.776,6070000
327.977,6130000
328.178,6160000
328.379,6130000
328.579,6240000
328.780,6150000
328.981,5960000
329.182,6440000
329.383,6230000
329.584,6220000
329.785,6360000
329.986,6220000
330.187,6240000
330.388,6140000
330.589,6140000
330.790,6140000
330.991,6150000
331.192,5880000
331.393,6150000
331.594,6130000
331.795,5990000
331.996,6090000
332.197,6010000
332.398,6080000
332.599,6040000
332.800,6100000
333.001,6150000
333.202,6190000
333.403,6170000
333.603,5990000
333.804,6190000
334.006,6250000
334.207,6190000
334.407,6120000
334.608,6180000
334.809,6170000
335.010,6170000
335.211,6200000
335.412,6140000
335.613,6150000
335.814,5930000
336.015,6130000
336.216,6130000
336.417,6100000
336.618,6100000
336.819,6030000
337.020,6150000
337.221,6040000
337.422,6080000
337.623,6100000
337.824,6230000
338.024,6190000
338.225,6080000
338.426,6240000
338.627,6240000
338.828,6190000
339.029,6200000
339.230,6130000
339.431,6190000
339.632,6200000
339.833,6210000
340.034,6190000
340.235,6140000
340.436,5980000
340.637,6160000
340.838,6160000
341.039,6140000
341.240,6160000
341.441,6070000
341.642,6090000
341.843,6080000
342.043,6170000
342.244,6180000
342.445,6170000
342.646,6150000
342.847,6170000
343.048,6060000
343.249,6250000
343.450,6220000
343.651,6220000
343.852,6220000
344.053,6150000
344.254,6040000
344.455,6150000
344.656,6130000
344.857,6160000
345.058,6070000
345.259,6150000
345.460,6020000
345.661,6140000
345.862,6150000
346.063,5950000
346.264,6090000
346.465,6050000
346.666,6130000
346.867,6120000
347.067,6220000
347.268,6090000
347.469,6140000
347.670,5890000
347.872,6200000
348.073,6130000
348.274,6180000
348.475,6150000
348.676,6230000
348.876,6060000
349.077,6120000
349.278,6170000
349.479,6110000
349.680,6140000
349.881,6160000
350.082,5950000
350.283,6150000
350.484,6150000
350.685,5960000
350.886,6170000
351.087,6060000
351.288,6090000
351.489,5970000
351.690,6160000
351.891,6150000
352.092,6180000
352.293,5780000
352.493,6250000
352.694,6090000
352.895,6180000
353.096,6160000
353.297,6150000
353.498,6130000
353.699,6230000
353.900,6170000
354.101,6100000
354.302,6150000
354.503,6140000
354.704,5940000
354.905,6130000
355.106,6110000
355.307,5940000
355.508,6100000
355.709,5970000
355.909,6190000
356.110,5950000
356.311,6160000
356.512,6090000
356.713,6180000
356.914,5960000
357.115,6180000
357.316,6230000
357.517,6200000
357.718,6130000
357.919,6170000
358.120,6190000
358.321,6150000
358.522,6160000
358.723,5910000
358.924,6080000
359.125,6150000
359.326,5980000
359.527,6140000
359.728,6070000
359.929,6090000
360.130,6160000
360.331,5950000
360.532,6120000
360.733,6080000
360.933,6160000
361.134,6000000
361.335,6120000
361.536,6160000
361.737,6190000
361.938,6190000
362.139,6180000
362.340,6160000
362.541,6090000
362.742,6160000
362.942,6180000
363.143,6140000
363.344,6040000
363.545,6150000
363.746,6180000
363.947,6170000
364.148,6160000
364.349,5900000
364.550,6160000
364.751,6080000
364.952,6060000
365.153,6110000
365.354,6220000
365.555,6160000
365.756,6150000
365.957,6100000
366.158,5850000
366.358,6080000
366.559,6210000
366.760,6170000
366.961,6130000
367.162,6160000
367.363,6240000
367.564,6130000
367.765,6150000
367.966,6190000
368.167,6140000
368.368,6000000
368.569,6170000
368.770,6150000
368.971,5990000
369.172,6120000
369.373,6070000
369.574,6140000
369.775,6070000
369.975,6100000
370.176,6390000
370.377,6140000
370.578,6190000
370.779,6080000
370.980,6260000
371.181,6200000
371.382,6180000
371.583,6180000
371.784,6210000
371.985,6170000
372.186,6210000
372.387,6200000
372.588,6190000
372.789,6180000
372.990,6130000
373.190,6130000
373.391,5920000
373.592,6150000
373.793,6110000
373.994,5950000
374.195,6160000
374.396,5990000
374.597,6120000
374.798,5890000
374.999,6140000
375.200,6110000
375.401,6120000
375.602,6240000
375.803,6170000
376.004,6230000
376.205,5940000
376.405,6180000
376.606,6140000
376.807,6280000
377.008,6150000
377.209,6150000
377.410,6060000
377.611,6180000
377.812,6120000
378.013,6160000
378.214,6120000
378.415,6050000
378.616,6110000
378.817,6010000
379.018,6170000
379.219,6130000
379.420,6160000
379.621,6150000
379.822,6130000
380.023,6120000
380.224,6260000
380.425,6400000
380.626,6210000
380.827,6160000
381.028,6140000
381.229,6250000
381.430,6160000
381.631,6140000
381.832,6180000
382.032,5980000
382.233,6130000
382.434,6110000
382.635,6130000
382.836,6130000
383.037,5990000
383.238,6090000
383.439,6030000
383.640,6120000
383.841,6100000
384.042,6140000
384.243,6140000
384.444,6150000
384.645,6140000
384.846,6210000
385.047,6670000
385.248,6200000
385.449,6180000
385.650,6180000
385.851,6030000
386.052,6110000
386.253,6150000
386.454,6220000
386.654,6060000
386.855,6160000
387.056,5780000
387.257,6120000
387.458,6100000
387.659,6080000
387.860,6170000
388.061,5950000
388.262,6090000
388.463,5930000
388.664,6130000
388.865,6200000
389.066,6170000
389.267,5950000
389.468,6260000
389.669,6210000
389.870,6140000
390.071,6160000
390.271,6020000
390.472,6160000
390.673,6160000
390.874,6220000
391.075,6240000
391.276,6150000
391.477,6130000
391.678,6180000
391.879,6130000
392.080,6080000
392.281,6110000
392.482,6160000
392.683,6060000
392.884,6090000
393.085,5960000
393.286,6150000
393.487,6150000
393.687,6120000
393.888,5970000
394.089,6230000
394.290,6230000
394.491,6240000
394.692,6150000
394.893,5990000
395.094,6200000
395.295,6170000
395.496,6200000
395.697,6170000
395.898,6130000
396.099,6140000
396.300,6180000
396.501,6140000
396.702,6210000
396.903,6070000
397.104,6140000
397.305,5970000
397.506,6130000
397.706,5960000
397.907,6130000
398.108,6140000
398.309,6120000
398.510,5960000
398.711,6270000
398.912,6230000
399.113,6190000
399.314,6170000
399.515,6250000
399.716,6160000
399.917,6170000
400.118,6110000
400.319,6210000
400.520,6160000
400.721,6120000
400.922,6210000
401.123,6130000
401.323,6210000
401.524,6080000
401.725,6140000
401.926,5910000
402.127,6110000
402.328,5960000
402.529,6150000
402.730,6130000
402.931,6150000
403.132,6010000
403.333,6310000
403.534,6230000
403.735,6240000
403.936,6160000
404.137,6020000
404.338,6160000
404.539,6170000
404.740,6100000
404.941,6150000
405.142,6150000
405.342,6150000
405.543,6030000
405.744,6130000
405.945,5950000
406.146,6160000
406.347,6170000
406.548,5950000
406.749,6120000
406.950,5930000
407.151,6150000
407.352,6230000
407.553,6180000
407.754,5970000
407.955,6710000
408.156,6220000
408.357,6190000
408.558,6150000
408.758,6160000
408.959,6150000
409.160,6180000
409.361,5920000
409.562,6180000
409.763,6170000
409.964,6020000
410.165,6140000
410.366,6130000
410.567,5890000
410.768,6160000
410.969,6210000
411.170,6090000
411.371,6170000
411.572,5960000
411.773,6150000
411.974,6220000
412.174,6160000
412.375,5950000
412.576,6710000
412.778,6240000
412.979,6150000
413.179,6370000
413.380,6160000
413.581,6200000
413.782,6150000
413.983,6150000
414.184,6160000
414.385,6140000
414.586,5950000
414.787,6140000
414.988,6170000
415.189,6000000
415.390,6080000
415.591,6000000
415.792,6150000
415.993,6200000
416.194,6090000
416.395,6160000
416.595,6140000
416.796,6180000
416.998,5960000
417.198,6740000
417.400,6220000
417.601,6190000
417.802,6160000
418.003,6130000
418.204,6160000
418.405,6120000
418.606,6170000
418.807,6220000
419.008,6150000
419.209,5940000
419.410,6150000
419.611,6130000
419.812,6080000
420.012,6120000
420.213,6070000
420.414,6120000
420.615,6060000
420.816,6090000
421.017,6140000
421.218,6160000
421.419,6160000
421.621,5940000
421.822,6450000
422.023,6240000
422.224,6160000
422.425,6210000
422.626,6170000
422.827,6150000
423.028,6140000
423.229,6210000
423.430,6220000
423.631,6130000
423.832,6080000
424.033,6110000
424.234,6150000
424.435,6160000
424.635,6100000
424.836,6020000
425.037,6160000
425.238,6020000
425.439,6170000
425.640,6100000
425.841,6140000
426.042,6160000
426.243,6050000
426.444,6020000
426.645,6240000
426.846,6190000
427.047,6210000
427.248,6140000
427.449,6210000
427.650,6530000
427.851,6170000
428.052,6190000
428.253,6080000
428.454,6150000
428.655,6190000
428.856,5920000
429.057,6090000
429.258,6150000
429.459,5950000
429.660,6110000
429.861,5930000
430.062,6090000
430.262,5870000
430.463,6210000
430.664,6110000
430.865,6150000
431.066,5900000
431.267,6230000
431.468,6080000
431.669,6200000
431.870,6170000
432.071,6160000
432.272,6170000
432.473,6170000
432.674,6120000
432.875,5920000
433.076,6140000
433.277,6130000
433.478,6110000
433.679,6160000
433.880,6110000
434.081,6100000
434.281,6080000
434.482,5950000
434.683,6100000
434.884,6130000
435.085,6160000
435.286,6080000
435.487,6130000
435.688,6120000
435.889,6270000
436.090,6220000
436.291,6190000
436.492,6160000
436.693,6120000
436.894,6180000
437.095,6160000
437.296,6110000
437.497,6030000
437.698,6130000
437.899,5710000
438.100,6140000
438.301,6260000
438.501,6130000
438.702,6160000
438.903,5920000
439.104,6160000
439.305,5970000
439.506,6140000
439.707,5970000
439.908,6160000
440.109,6100000
440.310,6140000
440.511,6230000
440.712,6200000
440.913,6100000
441.114,6190000
441.315,6150000
441.516,6130000
441.717,5970000
441.918,6160000
442.119,6150000
442.320,6160000
442.521,6100000
442.722,6140000
442.923,5950000
443.124,6130000
443.325,6180000
443.526,6150000
443.727,6010000
443.928,5970000
444.129,6130000
444.330,5970000
444.531,6150000
444.732,6160000
444.932,6160000
445.133,6240000
445.334,6230000
445.535,6330000
445.736,6210000
445.937,6150000
446.138,6170000
446.339,6030000
446.540,6210000
446.741,6180000
446.942,5930000
447.143,6150000
447.344,6160000
447.545,6140000
447.746,6120000
447.947,6050000
448.148,6120000
448.349,6120000
448.550,6160000
448.751,6090000
448.951,6130000
449.153,6150000
449.353,6160000
449.554,6140000
449.755,6240000
449.956,6360000
450.157,6220000
450.358,6170000
450.559,6230000
450.760,6190000
450.961,6170000
451.162,6120000
451.363,6180000
451.564,6000000
451.765,6150000
451.966,6080000
452.167,6180000
452.368,6090000
452.569,6040000
452.770,6120000
452.971,5990000
453.172,6080000
453.373,6150000
453.574,6130000
453.775,6160000
453.976,6120000
454.177,6150000
454.378,6260000
454.579,6390000
454.779,6190000
454.980,6230000
455.181,6160000
455.382,6080000
455.583,6160000
455.784,6130000
455.985,6310000
456.186,5990000
456.387,6160000
456.588,6140000
456.789,6130000
456.990,6130000
457.191,6000000
457.392,6140000
457.593,6080000
457.794,6170000
457.995,6150000
458.196,6120000
458.397,6150000
458.598,6120000
458.799,6130000
459.000,6240000
459.201,6340000
459.402,6160000
459.602,6200000
459.803,6210000
460.004,6090000
460.205,6220000
460.406,6160000
460.607,6280000
460.808,6110000
461.009,6090000
461.210,6160000
461.411,6160000
461.612,6140000
461.813,5980000
462.014,6090000
462.215,5990000
462.416,6150000
462.617,6030000
462.818,6140000
463.018,6160000
463.219,6140000
463.420,6120000
